topic,strength
0,0.11510317
1,0.18656059
2,0.086828835
3,0.061226115
4,0.045445498
5,0.041406706
6,0.043590575
7,0.091842666
8,0.04339835
9,0.06766791
10,0.057377525
11,0.10576443
12,0.053787645
